CpGs,Clock
cg00075967,Horvath
cg00374717,Horvath
cg00864867,Horvath
cg00945507,Horvath
cg01027739,Horvath
cg01353448,Horvath
cg01584473,Horvath
cg01644850,Horvath
cg01656216,Horvath
cg01873645,Horvath
cg01968178,Horvath
cg02085507,Horvath
cg02154074,Horvath
cg02217159,Horvath
cg02331561,Horvath
cg02332492,Horvath
cg02364642,Horvath
cg02388150,Horvath
cg02479575,Horvath
cg02489552,Horvath
cg02580606,Horvath
cg02654291,Horvath
cg02827112,Horvath
cg02972551,Horvath
cg03103192,Horvath
cg03167275,Horvath
cg03270204,Horvath
cg03565323,Horvath
cg03588357,Horvath
cg03760483,Horvath
cg04084157,Horvath
cg04126866,Horvath
cg04528819,Horvath
cg04836038,Horvath
cg05250458,Horvath
cg05294243,Horvath
cg05365729,Horvath
cg05675373,Horvath
cg05755779,Horvath
cg05921699,Horvath
cg05960024,Horvath
cg06121469,Horvath
cg06144905,Horvath
cg06361108,Horvath
cg06462291,Horvath
cg06493994,Horvath
cg06557358,Horvath
cg06738602,Horvath
cg06810647,Horvath
cg06952310,Horvath
cg06993413,Horvath
cg07285276,Horvath
cg07291563,Horvath
cg07337598,Horvath
cg07455279,Horvath
cg07595943,Horvath
cg08030082,Horvath
cg08090772,Horvath
cg08124722,Horvath
cg08251036,Horvath
cg08370996,Horvath
cg08413469,Horvath
cg08434234,Horvath
cg08771731,Horvath
cg08965235,Horvath
cg09019938,Horvath
cg09118625,Horvath
cg09191327,Horvath
cg09418283,Horvath
cg09509673,Horvath
cg09785172,Horvath
cg09869858,Horvath
cg09885951,Horvath
cg10281002,Horvath
cg10376763,Horvath
cg10377274,Horvath
cg10486998,Horvath
cg10523019,Horvath
cg10920957,Horvath
cg11932564,Horvath
cg12351433,Horvath
cg12373771,Horvath
cg12768605,Horvath
cg12830694,Horvath
cg12946225,Horvath
cg13038560,Horvath
cg13216057,Horvath
cg13319175,Horvath
cg13460409,Horvath
cg13682722,Horvath
cg13836627,Horvath
cg13854874,Horvath
cg13899108,Horvath
cg13975369,Horvath
cg14258236,Horvath
cg14308452,Horvath
cg14329157,Horvath
cg14424579,Horvath
cg14501253,Horvath
cg14658362,Horvath
cg14723032,Horvath
cg14894144,Horvath
cg14992253,Horvath
cg15341340,Horvath
cg15381769,Horvath
cg15547534,Horvath
cg15661409,Horvath
cg15974053,Horvath
cg15988232,Horvath
cg16150435,Horvath
cg16241714,Horvath
cg16494477,Horvath
cg16547529,Horvath
cg16579101,Horvath
cg17063929,Horvath
cg17099569,Horvath
cg17285325,Horvath
cg17408647,Horvath
cg17655614,Horvath
cg17729667,Horvath
cg17853587,Horvath
cg17960516,Horvath
cg18055007,Horvath
cg18180783,Horvath
cg18440048,Horvath
cg18573383,Horvath
cg18983672,Horvath
cg18984151,Horvath
cg19008809,Horvath
cg19167673,Horvath
cg19273182,Horvath
cg19305227,Horvath
cg19346193,Horvath
cg19478743,Horvath
cg19514928,Horvath
cg19692710,Horvath
cg19945840,Horvath
cg20295671,Horvath
cg20305610,Horvath
cg20524216,Horvath
cg20692569,Horvath
cg20761322,Horvath
cg20795863,Horvath
cg20828084,Horvath
cg20914508,Horvath
cg20947775,Horvath
cg20999813,Horvath
cg21096399,Horvath
cg21378206,Horvath
cg21460081,Horvath
cg21801378,Horvath
cg21870884,Horvath
cg22006386,Horvath
cg22289837,Horvath
cg22432269,Horvath
cg22449114,Horvath
cg22679120,Horvath
cg22736354,Horvath
cg22809047,Horvath
cg22901840,Horvath
cg22920873,Horvath
cg23517605,Horvath
cg23662675,Horvath
cg23941599,Horvath
cg24116886,Horvath
cg24126851,Horvath
cg24254120,Horvath
cg24262469,Horvath
cg24450312,Horvath
cg24580001,Horvath
cg24834740,Horvath
cg25070637,Horvath
cg25148589,Horvath
cg25505610,Horvath
cg25552492,Horvath
cg25683012,Horvath
cg25771195,Horvath
cg25781123,Horvath
cg26003813,Horvath
cg26005082,Horvath
cg26045434,Horvath
cg26297688,Horvath
cg26372517,Horvath
cg26453588,Horvath
cg26620959,Horvath
cg26842024,Horvath
cg26845300,Horvath
cg27092035,Horvath
cg27169020,Horvath
cg27319898,Horvath
cg27377450,Horvath
cg27413543,Horvath
cg27494383,Horvath
cg00091693,Horvath
cg00168942,Horvath
cg00431549,Horvath
cg00436603,Horvath
cg01027805,Horvath
cg01234063,Horvath
cg01262913,Horvath
cg01407797,Horvath
cg01459453,Horvath
cg01485645,Horvath
cg01511567,Horvath
cg01560871,Horvath
cg01570885,Horvath
cg01820374,Horvath
cg02047577,Horvath
cg02071305,Horvath
cg02275294,Horvath
cg02335441,Horvath
cg03019000,Horvath
cg03286783,Horvath
cg03330058,Horvath
cg03578041,Horvath
cg03682823,Horvath
cg03891319,Horvath
cg03947362,Horvath
cg04005032,Horvath
cg04094160,Horvath
cg04121983,Horvath
cg04268405,Horvath
cg04431054,Horvath
cg04452713,Horvath
cg04474832,Horvath
cg04999691,Horvath
cg05442902,Horvath
cg05590257,Horvath
cg05847778,Horvath
cg05903609,Horvath
cg06044899,Horvath
cg06117855,Horvath
cg06513075,Horvath
cg06688848,Horvath
cg06836772,Horvath
cg06926735,Horvath
cg07158339,Horvath
cg07388493,Horvath
cg07408456,Horvath
cg07498421,Horvath
cg07663789,Horvath
cg07730301,Horvath
cg07770222,Horvath
cg07849904,Horvath
cg08186124,Horvath
cg08331960,Horvath
cg09133026,Horvath
cg09441152,Horvath
cg09646392,Horvath
cg09722397,Horvath
cg09722555,Horvath
cg09809672,Horvath
cg10045881,Horvath
cg10266490,Horvath
cg10345936,Horvath
cg10865119,Horvath
cg10940099,Horvath
cg11025793,Horvath
cg11299964,Horvath
cg11314684,Horvath
cg11388238,Horvath
cg11653266,Horvath
cg12413566,Horvath
cg12616277,Horvath
cg12941369,Horvath
cg12985418,Horvath
cg13129046,Horvath
cg13269407,Horvath
cg13302154,Horvath
cg13547237,Horvath
cg13828047,Horvath
cg13931228,Horvath
cg14060828,Horvath
cg14163776,Horvath
cg14175438,Horvath
cg14408969,Horvath
cg14409958,Horvath
cg14423778,Horvath
cg14597908,Horvath
cg14654875,Horvath
cg14727952,Horvath
cg15185286,Horvath
cg15262928,Horvath
cg15703512,Horvath
cg15804973,Horvath
cg16034652,Horvath
cg16168311,Horvath
cg16358826,Horvath
cg16408394,Horvath
cg16419345,Horvath
cg16744741,Horvath
cg16899442,Horvath
cg16984944,Horvath
cg17274064,Horvath
cg17324128,Horvath
cg17338403,Horvath
cg17589341,Horvath
cg17686885,Horvath
cg18031008,Horvath
cg18139769,Horvath
cg18328933,Horvath
cg18956095,Horvath
cg19044674,Horvath
cg19046959,Horvath
cg19420968,Horvath
cg19569684,Horvath
cg19706682,Horvath
cg19722847,Horvath
cg19724470,Horvath
cg19761273,Horvath
cg19853760,Horvath
cg20100381,Horvath
cg20240860,Horvath
cg21211748,Horvath
cg21305265,Horvath
cg21370143,Horvath
cg21395782,Horvath
cg21950518,Horvath
cg22171829,Horvath
cg22190114,Horvath
cg22197830,Horvath
cg22568540,Horvath
cg22613010,Horvath
cg22637507,Horvath
cg22947000,Horvath
cg23092072,Horvath
cg23124451,Horvath
cg23180365,Horvath
cg23786576,Horvath
cg24058132,Horvath
cg24081819,Horvath
cg24471894,Horvath
cg24888049,Horvath
cg24899750,Horvath
cg25101936,Horvath
cg25159610,Horvath
cg25166896,Horvath
cg25411725,Horvath
cg25564800,Horvath
cg25657834,Horvath
cg25809905,Horvath
cg25928579,Horvath
cg26043391,Horvath
cg26162695,Horvath
cg26394940,Horvath
cg26456957,Horvath
cg26614073,Horvath
cg26723847,Horvath
cg26824091,Horvath
cg27015931,Horvath
cg27016307,Horvath
cg27202708,Horvath
cg27544190,Horvath
cg20822990,Hannum
cg22512670,Hannum
cg25410668,Hannum
cg04400972,Hannum
cg16054275,Hannum
cg10501210,Hannum
cg09809672,Hannum
ch.2.30415474F,Hannum
cg22158769,Hannum
cg02085953,Hannum
cg06639320,Hannum
cg22454769,Hannum
cg24079702,Hannum
cg23606718,Hannum
cg22016779,Hannum
cg04474832,Hannum
cg03607117,Hannum
cg07553761,Hannum
cg00481951,Hannum
cg25478614,Hannum
cg25428494,Hannum
cg02650266,Hannum
cg08234504,Hannum
cg23500537,Hannum
cg20052760,Hannum
cg16867657,Hannum
cg22736354,Hannum
cg06493994,Hannum
cg06685111,Hannum
cg00486113,Hannum
cg13001142,Hannum
cg20426994,Hannum
cg14361627,Hannum
cg08097417,Hannum
cg07955995,Hannum
cg22285878,Hannum
cg03473532,Hannum
cg08540945,Hannum
cg07927379,Hannum
cg16419235,Hannum
cg07583137,Hannum
cg22796704,Hannum
cg19935065,Hannum
cg23091758,Hannum
cg23744638,Hannum
cg04940570,Hannum
cg11067179,Hannum
cg22213242,Hannum
cg06419846,Hannum
cg02046143,Hannum
cg00748589,Hannum
cg19722847,Hannum
cg18473521,Hannum
cg01528542,Hannum
ch.13.39564907R,Hannum
cg03032497,Hannum
cg04875128,Hannum
cg21296230,Hannum
cg09651136,Hannum
cg03399905,Hannum
cg04416734,Hannum
cg07082267,Hannum
cg14692377,Hannum
cg06874016,Hannum
cg21139312,Hannum
cg02867102,Hannum
cg19283806,Hannum
cg14556683,Hannum
cg07547549,Hannum
cg05442902,Hannum
cg08415592,Hannum
cg00079056,PhenoAge
cg00083937,PhenoAge
cg00113951,PhenoAge
cg00168942,PhenoAge
cg00194146,PhenoAge
cg00230271,PhenoAge
cg00261781,PhenoAge
cg00297600,PhenoAge
cg00335286,PhenoAge
cg00338702,PhenoAge
cg00350702,PhenoAge
cg00410898,PhenoAge
cg00412772,PhenoAge
cg00412805,PhenoAge
cg00462994,PhenoAge
cg00503840,PhenoAge
cg00515905,PhenoAge
cg00582628,PhenoAge
cg00687674,PhenoAge
cg00744433,PhenoAge
cg00845900,PhenoAge
cg00862290,PhenoAge
cg00943950,PhenoAge
cg00955230,PhenoAge
cg01056568,PhenoAge
cg01114088,PhenoAge
cg01128603,PhenoAge
cg01131735,PhenoAge
cg01137065,PhenoAge
cg01211097,PhenoAge
cg01221637,PhenoAge
cg01252496,PhenoAge
cg01254459,PhenoAge
cg01261503,PhenoAge
cg01335367,PhenoAge
cg01400401,PhenoAge
cg01441777,PhenoAge
cg01450842,PhenoAge
cg01459453,PhenoAge
cg01511567,PhenoAge
cg01519742,PhenoAge
cg01623187,PhenoAge
cg01626227,PhenoAge
cg01651821,PhenoAge
cg01918706,PhenoAge
cg01930621,PhenoAge
cg01946401,PhenoAge
cg02016419,PhenoAge
cg02071305,PhenoAge
cg02151301,PhenoAge
cg02154074,PhenoAge
cg02197293,PhenoAge
cg02228185,PhenoAge
cg02229946,PhenoAge
cg02309431,PhenoAge
cg02480835,PhenoAge
cg02503970,PhenoAge
cg02631957,PhenoAge
cg02735486,PhenoAge
cg02802055,PhenoAge
cg02976574,PhenoAge
cg03007010,PhenoAge
cg03112869,PhenoAge
cg03172991,PhenoAge
cg03258472,PhenoAge
cg03340261,PhenoAge
cg03387497,PhenoAge
cg03535648,PhenoAge
cg03565081,PhenoAge
cg03623878,PhenoAge
cg03703325,PhenoAge
cg03724882,PhenoAge
cg03819692,PhenoAge
cg03929796,PhenoAge
cg03977782,PhenoAge
cg03991512,PhenoAge
cg04007936,PhenoAge
cg04014889,PhenoAge
cg04084157,PhenoAge
cg04087608,PhenoAge
cg04169469,PhenoAge
cg04333463,PhenoAge
cg04359302,PhenoAge
cg04416752,PhenoAge
cg04424621,PhenoAge
cg04480914,PhenoAge
cg04528819,PhenoAge
cg04601137,PhenoAge
cg04616566,PhenoAge
cg04718414,PhenoAge
cg04736140,PhenoAge
cg04755031,PhenoAge
cg04818845,PhenoAge
cg04836038,PhenoAge
cg05087948,PhenoAge
cg05089968,PhenoAge
cg05125838,PhenoAge
cg05228408,PhenoAge
cg05270634,PhenoAge
cg05294243,PhenoAge
cg05316065,PhenoAge
cg05422352,PhenoAge
cg05440289,PhenoAge
cg05441133,PhenoAge
cg05442902,PhenoAge
cg05473871,PhenoAge
cg05492270,PhenoAge
cg05501584,PhenoAge
cg05532892,PhenoAge
cg05697249,PhenoAge
cg05759269,PhenoAge
cg05851163,PhenoAge
cg05898102,PhenoAge
cg06134964,PhenoAge
cg06144905,PhenoAge
cg06171242,PhenoAge
cg06189653,PhenoAge
cg06295856,PhenoAge
cg06327515,PhenoAge
cg06363129,PhenoAge
cg06493994,PhenoAge
cg06533629,PhenoAge
cg06637774,PhenoAge
cg06638451,PhenoAge
cg06690548,PhenoAge
cg06908778,PhenoAge
cg06958034,PhenoAge
cg06975499,PhenoAge
cg06994793,PhenoAge
cg07038400,PhenoAge
cg07073964,PhenoAge
cg07180649,PhenoAge
cg07211259,PhenoAge
cg07236943,PhenoAge
cg07265300,PhenoAge
cg07484827,PhenoAge
cg07494518,PhenoAge
cg07654934,PhenoAge
cg07817698,PhenoAge
cg07850604,PhenoAge
cg07929310,PhenoAge
cg08035942,PhenoAge
cg08067365,PhenoAge
cg08074477,PhenoAge
cg08169325,PhenoAge
cg08212685,PhenoAge
cg08251399,PhenoAge
cg08331960,PhenoAge
cg08424423,PhenoAge
cg08475827,PhenoAge
cg08487374,PhenoAge
cg08529529,PhenoAge
cg08586737,PhenoAge
cg08587542,PhenoAge
cg08654655,PhenoAge
cg08668790,PhenoAge
cg08694544,PhenoAge
cg08872493,PhenoAge
cg08896629,PhenoAge
cg08899632,PhenoAge
cg08900043,PhenoAge
cg09045681,PhenoAge
cg09096950,PhenoAge
cg09196959,PhenoAge
cg09254939,PhenoAge
cg09294589,PhenoAge
cg09304040,PhenoAge
cg09322949,PhenoAge
cg09404633,PhenoAge
cg09413557,PhenoAge
cg09434995,PhenoAge
cg09480837,PhenoAge
cg09548179,PhenoAge
cg09556292,PhenoAge
cg09630437,PhenoAge
cg09799873,PhenoAge
cg09809672,PhenoAge
cg09851465,PhenoAge
cg09892203,PhenoAge
cg10052840,PhenoAge
cg10158181,PhenoAge
cg10202457,PhenoAge
cg10225525,PhenoAge
cg10523019,PhenoAge
cg10570177,PhenoAge
cg10591174,PhenoAge
cg10636246,PhenoAge
cg10654016,PhenoAge
cg10667970,PhenoAge
cg10669058,PhenoAge
cg10795646,PhenoAge
cg10878896,PhenoAge
cg10900550,PhenoAge
cg10917602,PhenoAge
cg10922280,PhenoAge
cg11177450,PhenoAge
cg11233384,PhenoAge
cg11237115,PhenoAge
cg11426590,PhenoAge
cg11459714,PhenoAge
cg11487705,PhenoAge
cg11490446,PhenoAge
cg11600161,PhenoAge
cg11618577,PhenoAge
cg11631518,PhenoAge
cg11833861,PhenoAge
cg11896923,PhenoAge
cg11903057,PhenoAge
cg12145907,PhenoAge
cg12177001,PhenoAge
cg12188560,PhenoAge
cg12238343,PhenoAge
cg12247247,PhenoAge
cg12261786,PhenoAge
cg12265604,PhenoAge
cg12269343,PhenoAge
cg12289045,PhenoAge
cg12324144,PhenoAge
cg12373771,PhenoAge
cg12402251,PhenoAge
cg12473775,PhenoAge
cg12743894,PhenoAge
cg12813792,PhenoAge
cg12864235,PhenoAge
cg12985418,PhenoAge
cg12991365,PhenoAge
cg13042288,PhenoAge
cg13119609,PhenoAge
cg13120519,PhenoAge
cg13218906,PhenoAge
cg13258700,PhenoAge
cg13296371,PhenoAge
cg13307384,PhenoAge
cg13323474,PhenoAge
cg13351161,PhenoAge
cg13409216,PhenoAge
cg13449372,PhenoAge
cg13460409,PhenoAge
cg13509147,PhenoAge
cg13510262,PhenoAge
cg13514050,PhenoAge
cg13550877,PhenoAge
cg13564075,PhenoAge
cg13571802,PhenoAge
cg13587552,PhenoAge
cg13613532,PhenoAge
cg13631913,PhenoAge
cg13654195,PhenoAge
cg13656062,PhenoAge
cg13656360,PhenoAge
cg13700897,PhenoAge
cg13718960,PhenoAge
cg13843773,PhenoAge
cg13854874,PhenoAge
cg13861644,PhenoAge
cg13899108,PhenoAge
cg13975369,PhenoAge
cg13994175,PhenoAge
cg14009688,PhenoAge
cg14105047,PhenoAge
cg14159818,PhenoAge
cg14175438,PhenoAge
cg14223995,PhenoAge
cg14281160,PhenoAge
cg14350002,PhenoAge
cg14423778,PhenoAge
cg14467840,PhenoAge
cg14473016,PhenoAge
cg14550518,PhenoAge
cg14689355,PhenoAge
cg14747225,PhenoAge
cg14754581,PhenoAge
cg14916213,PhenoAge
cg14918082,PhenoAge
cg14972143,PhenoAge
cg15013019,PhenoAge
cg15171237,PhenoAge
cg15201877,PhenoAge
cg15344028,PhenoAge
cg15381313,PhenoAge
cg15427448,PhenoAge
cg15447479,PhenoAge
cg15489301,PhenoAge
cg15498283,PhenoAge
cg15551881,PhenoAge
cg15569512,PhenoAge
cg15611364,PhenoAge
cg15642326,PhenoAge
cg15811427,PhenoAge
cg15856055,PhenoAge
cg15881088,PhenoAge
cg15887846,PhenoAge
cg15903282,PhenoAge
cg15963417,PhenoAge
cg15966757,PhenoAge
cg16085042,PhenoAge
cg16173067,PhenoAge
cg16295988,PhenoAge
cg16313343,PhenoAge
cg16319578,PhenoAge
cg16340918,PhenoAge
cg16354207,PhenoAge
cg16357381,PhenoAge
cg16372520,PhenoAge
cg16408970,PhenoAge
cg16466334,PhenoAge
cg16543027,PhenoAge
cg16612562,PhenoAge
cg16648841,PhenoAge
cg16713727,PhenoAge
cg16718891,PhenoAge
cg16728114,PhenoAge
cg16743289,PhenoAge
cg16816226,PhenoAge
cg16854606,PhenoAge
cg16933388,PhenoAge
cg16984944,PhenoAge
cg17009433,PhenoAge
cg17038116,PhenoAge
cg17129388,PhenoAge
cg17133388,PhenoAge
cg17324128,PhenoAge
cg17431739,PhenoAge
cg17526300,PhenoAge
cg17536848,PhenoAge
cg17605084,PhenoAge
cg17627559,PhenoAge
cg17641104,PhenoAge
cg17726022,PhenoAge
cg17749443,PhenoAge
cg17770886,PhenoAge
cg17861230,PhenoAge
cg17896249,PhenoAge
cg17903544,PhenoAge
cg17923358,PhenoAge
cg17940013,PhenoAge
cg17966192,PhenoAge
cg18001427,PhenoAge
cg18003795,PhenoAge
cg18117393,PhenoAge
cg18241647,PhenoAge
cg18267374,PhenoAge
cg18384097,PhenoAge
cg18392482,PhenoAge
cg18468844,PhenoAge
cg18587364,PhenoAge
cg18691434,PhenoAge
cg18693704,PhenoAge
cg18732541,PhenoAge
cg18771300,PhenoAge
cg18809289,PhenoAge
cg18881501,PhenoAge
cg18996776,PhenoAge
cg19008809,PhenoAge
cg19028160,PhenoAge
cg19104072,PhenoAge
cg19149785,PhenoAge
cg19287114,PhenoAge
cg19297232,PhenoAge
cg19345165,PhenoAge
cg19356189,PhenoAge
cg19371795,PhenoAge
cg19378133,PhenoAge
cg19398783,PhenoAge
cg19439331,PhenoAge
cg19514469,PhenoAge
cg19556572,PhenoAge
cg19560210,PhenoAge
cg19566405,PhenoAge
cg19573166,PhenoAge
cg19586576,PhenoAge
cg19615059,PhenoAge
cg19632206,PhenoAge
cg19663795,PhenoAge
cg19685066,PhenoAge
cg19686152,PhenoAge
cg19722847,PhenoAge
cg19724470,PhenoAge
cg19731122,PhenoAge
cg19883905,PhenoAge
cg20066677,PhenoAge
cg20090497,PhenoAge
cg20162159,PhenoAge
cg20173259,PhenoAge
cg20234170,PhenoAge
cg20492933,PhenoAge
cg20550118,PhenoAge
cg20570279,PhenoAge
cg20572838,PhenoAge
cg20652640,PhenoAge
cg20674577,PhenoAge
cg20761322,PhenoAge
cg20828084,PhenoAge
cg20891917,PhenoAge
cg20967028,PhenoAge
cg21006686,PhenoAge
cg21053529,PhenoAge
cg21081971,PhenoAge
cg21099326,PhenoAge
cg21120249,PhenoAge
cg21137706,PhenoAge
cg21184495,PhenoAge
cg21200703,PhenoAge
cg21201109,PhenoAge
cg21207418,PhenoAge
cg21296230,PhenoAge
cg21363706,PhenoAge
cg21649520,PhenoAge
cg21712685,PhenoAge
cg21762589,PhenoAge
cg21801378,PhenoAge
cg21835643,PhenoAge
cg21907579,PhenoAge
cg21926612,PhenoAge
cg21993406,PhenoAge
cg22090592,PhenoAge
cg22179082,PhenoAge
cg22194129,PhenoAge
cg22197830,PhenoAge
cg22282672,PhenoAge
cg22395019,PhenoAge
cg22396353,PhenoAge
cg22407458,PhenoAge
cg22473095,PhenoAge
cg22484793,PhenoAge
cg22495124,PhenoAge
cg22511262,PhenoAge
cg22512531,PhenoAge
cg22580353,PhenoAge
cg22582569,PhenoAge
cg22594309,PhenoAge
cg22736354,PhenoAge
cg22809047,PhenoAge
cg22947000,PhenoAge
cg22971191,PhenoAge
cg22983092,PhenoAge
cg22991148,PhenoAge
cg23124451,PhenoAge
cg23127998,PhenoAge
cg23152772,PhenoAge
cg23159337,PhenoAge
cg23173910,PhenoAge
cg23191950,PhenoAge
cg23213217,PhenoAge
cg23234999,PhenoAge
cg23239039,PhenoAge
cg23338195,PhenoAge
cg23376526,PhenoAge
cg23568913,PhenoAge
cg23668631,PhenoAge
cg23710218,PhenoAge
cg23818978,PhenoAge
cg23832061,PhenoAge
cg24110063,PhenoAge
cg24125648,PhenoAge
cg24208206,PhenoAge
cg24304712,PhenoAge
cg24332433,PhenoAge
cg24407308,PhenoAge
cg24493940,PhenoAge
cg24505122,PhenoAge
cg24505341,PhenoAge
cg24556026,PhenoAge
cg24651706,PhenoAge
cg24674703,PhenoAge
cg24921089,PhenoAge
cg25022327,PhenoAge
cg25092328,PhenoAge
cg25136687,PhenoAge
cg25229964,PhenoAge
cg25251635,PhenoAge
cg25256723,PhenoAge
cg25428451,PhenoAge
cg25459323,PhenoAge
cg25536676,PhenoAge
cg25713185,PhenoAge
cg25769980,PhenoAge
cg25881193,PhenoAge
cg25898500,PhenoAge
cg26022315,PhenoAge
cg26091688,PhenoAge
cg26096837,PhenoAge
cg26104204,PhenoAge
cg26109803,PhenoAge
cg26201213,PhenoAge
cg26212924,PhenoAge
cg26219051,PhenoAge
cg26312920,PhenoAge
cg26350286,PhenoAge
cg26357744,PhenoAge
cg26382071,PhenoAge
cg26394737,PhenoAge
cg26394940,PhenoAge
cg26581729,PhenoAge
cg26614073,PhenoAge
cg26665419,PhenoAge
cg26711820,PhenoAge
cg26746469,PhenoAge
cg26815229,PhenoAge
cg26824091,PhenoAge
cg26842024,PhenoAge
cg26866325,PhenoAge
cg26898166,PhenoAge
cg26932976,PhenoAge
cg27015931,PhenoAge
cg27187881,PhenoAge
cg27244482,PhenoAge
cg27367952,PhenoAge
cg27440834,PhenoAge
cg27493997,PhenoAge
cg27514224,PhenoAge
cg27626102,PhenoAge
cg27655905,PhenoAge
cg09809672,Weidner
cg01820374,Weidner
cg16744741,Weidner
cg15195412,Weidner
cg26614073,Weidner
cg19722847,Weidner
cg12554573,Weidner
cg15538427,Weidner
cg23124451,Weidner
cg25809905,Weidner
cg17471102,Weidner
cg13406950,Weidner
cg25538571,Weidner
cg01560871,Weidner
cg26581729,Weidner
cg19761273,Weidner
cg26394940,Weidner
cg09462576,Weidner
cg23320649,Weidner
cg07388493,Weidner
cg21448423,Weidner
cg04474832,Weidner
cg16363586,Weidner
cg02228185,Weidner
cg25268718,Weidner
cg05379350,Weidner
cg08090640,Weidner
cg25256723,Weidner
cg04036898,Weidner
cg07810156,Weidner
cg01739167,Weidner
cg07211259,Weidner
cg15804973,Weidner
cg10917602,Weidner
cg26610808,Weidner
cg00563932,Weidner
cg03340878,Weidner
cg04123409,Weidner
cg22947000,Weidner
cg19724470,Weidner
cg17421623,Weidner
cg03224418,Weidner
cg22580512,Weidner
cg05228408,Weidner
cg23679724,Weidner
cg05331214,Weidner
cg19046959,Weidner
cg18660898,Weidner
cg22919728,Weidner
cg26927807,Weidner
cg08468689,Weidner
cg13129046,Weidner
cg20654468,Weidner
cg21120249,Weidner
cg17431739,Weidner
cg15297650,Weidner
cg20366832,Weidner
cg08598221,Weidner
cg13807496,Weidner
cg24178740,Weidner
cg02994956,Weidner
cg13870866,Weidner
cg05436231,Weidner
cg21870884,Weidner
cg02844545,Weidner
cg27320127,Weidner
cg15379633,Weidner
cg08209133,Weidner
cg25947945,Weidner
cg03958979,Weidner
cg08012287,Weidner
cg05488632,Weidner
cg07752420,Weidner
cg14456683,Weidner
cg06291867,Weidner
cg21801378,Weidner
cg24713204,Weidner
cg21992250,Weidner
cg25762706,Weidner
cg12883767,Weidner
cg21788470,Weidner
cg00489401,Weidner
cg18182399,Weidner
cg17791651,Weidner
cg25431974,Weidner
cg05294455,Weidner
cg16386080,Weidner
cg16352283,Weidner
cg20264732,Weidner
cg06638433,Weidner
cg22736354,Weidner
cg06493994,Weidner
cg00059225,Weidner
cg14918082,Weidner
cg21296230,Weidner
cg24768561,Weidner
cg07621046,Weidner
cg02489552,Weidner
cg27553955,Weidner
cg13870494,Weidner
cg17861230,Weidner
cg00503840,Weidner
cg12140144,SnB
cg26933021,SnB
cg20822990,SnB
cg07312601,SnB
cg09993145,SnB
cg23605843,SnB
cg25410668,SnB
cg17879376,SnB
cg14962509,SnB
cg24375409,SnB
cg22851420,SnB
cg24107728,SnB
cg14614643,SnB
cg00257455,SnB
cg23045908,SnB
cg15201877,SnB
cg18933331,SnB
cg05675373,SnB
cg19269039,SnB
cg16008966,SnB
cg14565725,SnB
cg05940231,SnB
cg03984502,SnB
cg25256723,SnB
cg16054275,SnB
cg01459453,SnB
cg16599143,SnB
cg02275294,SnB
cg21870884,SnB
cg10501210,SnB
cg02901139,SnB
cg11298786,SnB
cg09809672,SnB
cg05940691,SnB
cg12869659,SnB
cg23028740,SnB
cg10959651,SnB
cg00522231,SnB
cg01752203,SnB
cg23643435,SnB
cg01243072,SnB
cg07589899,SnB
cg10855531,SnB
cg22943590,SnB
cg23398076,SnB
cg12082609,SnB
cg01447660,SnB
cg02085953,SnB
cg15149655,SnB
cg22809047,SnB
cg06639320,SnB
cg22454769,SnB
cg00017842,SnB
cg23606718,SnB
cg22061831,SnB
cg12757011,SnB
cg01620164,SnB
cg12105450,SnB
cg00760938,SnB
cg10376763,SnB
cg23077820,SnB
cg08166272,SnB
cg10523019,SnB
cg23462687,SnB
cg20669012,SnB
cg03183882,SnB
cg15910502,SnB
cg12941369,SnB
cg02244028,SnB
cg24888989,SnB
cg00702638,SnB
cg07303143,SnB
cg26614073,SnB
cg15988232,SnB
cg16933388,SnB
cg19381811,SnB
cg03019000,SnB
cg01844642,SnB
cg04474832,SnB
cg03891319,SnB
cg03607117,SnB
cg22264409,SnB
cg11205552,SnB
cg17321954,SnB
cg06796779,SnB
cg18303397,SnB
cg09025210,SnB
cg14423778,SnB
cg15277914,SnB
cg07553761,SnB
cg06737494,SnB
cg01059398,SnB
cg26824216,SnB
cg25478614,SnB
cg07110949,SnB
cg23239150,SnB
cg21254939,SnB
cg23995914,SnB
cg23836737,SnB
cg05960024,SnB
cg10699857,SnB
cg05024939,SnB
cg05106770,SnB
cg06690548,SnB
cg02650266,SnB
cg01511232,SnB
cg25148589,SnB
cg24843443,SnB
cg03364683,SnB
cg21815258,SnB
cg12608692,SnB
cg20755989,SnB
cg12238343,SnB
cg02328239,SnB
cg21878650,SnB
cg26921969,SnB
cg10837404,SnB
cg01883408,SnB
cg06448705,SnB
cg16983159,SnB
cg08234504,SnB
cg11006267,SnB
cg21874213,SnB
cg23500537,SnB
cg26843711,SnB
cg08587542,SnB
cg10345936,SnB
cg16281600,SnB
cg03555227,SnB
cg14345676,SnB
cg14314729,SnB
cg23517605,SnB
cg01570885,SnB
cg23375552,SnB
cg20052760,SnB
cg16867657,SnB
cg21572722,SnB
cg00194146,SnB
cg01527307,SnB
cg22736354,SnB
cg10699171,SnB
cg06493994,SnB
cg04424621,SnB
cg02281167,SnB
cg03771840,SnB
cg06685111,SnB
cg06462220,SnB
cg08420066,SnB
cg21467614,SnB
cg12753631,SnB
cg18501647,SnB
cg04576021,SnB
cg10192196,SnB
cg18468088,SnB
cg03894990,SnB
cg01740766,SnB
cg16255583,SnB
cg04642300,SnB
cg17266282,SnB
cg07095347,SnB
cg00073460,SnB
cg16333846,SnB
cg13221458,SnB
cg05468948,SnB
cg00795927,SnB
cg08911208,SnB
cg22372849,SnB
cg16012294,SnB
cg22679120,SnB
cg13931228,SnB
cg27009703,SnB
cg11671968,SnB
cg26312920,SnB
cg19663246,SnB
cg14396995,SnB
cg18442362,SnB
cg09748749,SnB
cg20692569,SnB
cg23857078,SnB
cg21743182,SnB
cg09436502,SnB
cg00503840,SnB
cg04084157,SnB
cg14175438,SnB
cg20665157,SnB
cg21184711,SnB
cg02383785,SnB
cg04528819,SnB
cg20426994,SnB
cg08097417,SnB
cg02821342,SnB
cg20397034,SnB
cg03473532,SnB
cg08280936,SnB
cg08540945,SnB
cg18769120,SnB
cg26101086,SnB
cg19859445,SnB
cg07502389,SnB
cg18267374,SnB
cg00582628,SnB
cg16419235,SnB
cg23710218,SnB
cg07583137,SnB
cg12402251,SnB
cg19497517,SnB
cg13586038,SnB
cg19724470,SnB
cg07211259,SnB
cg07158339,SnB
cg24046474,SnB
cg14059835,SnB
cg10570177,SnB
cg13649056,SnB
cg13734401,SnB
cg26581729,SnB
cg06231995,SnB
cg14411282,SnB
cg12530994,SnB
cg23754392,SnB
cg06908778,SnB
cg22796704,SnB
cg01560871,SnB
cg04268405,SnB
cg18738190,SnB
cg04126866,SnB
cg25427880,SnB
cg09671951,SnB
cg06888746,SnB
cg24838825,SnB
cg13848598,SnB
cg07906193,SnB
cg12776156,SnB
cg05928581,SnB
cg17627559,SnB
cg23091758,SnB
cg04940570,SnB
cg10825530,SnB
cg20654468,SnB
cg26552743,SnB
cg21992250,SnB
cg15015340,SnB
cg22843803,SnB
cg02532488,SnB
cg13547237,SnB
cg06419846,SnB
cg05496363,SnB
cg20063906,SnB
cg12328429,SnB
cg25969122,SnB
cg18633600,SnB
cg08622677,SnB
cg01820374,SnB
cg25719851,SnB
cg13828440,SnB
cg26986871,SnB
cg00748589,SnB
cg21747310,SnB
cg00431549,SnB
cg13302154,SnB
cg13909661,SnB
cg19722847,SnB
cg26311454,SnB
cg08900043,SnB
cg00753885,SnB
cg18573383,SnB
cg15405572,SnB
cg01528542,SnB
cg08993878,SnB
cg22827210,SnB
cg03670162,SnB
cg04596060,SnB
cg21907579,SnB
cg10281002,SnB
cg07172885,SnB
cg20404336,SnB
cg18582260,SnB
cg22179082,SnB
cg06648759,SnB
cg23357533,SnB
cg20102280,SnB
cg13767001,SnB
cg23389651,SnB
cg09646392,SnB
cg00593462,SnB
cg07115626,SnB
cg06738602,SnB
cg03032497,SnB
cg18771300,SnB
cg24058132,SnB
cg13027206,SnB
cg15480367,SnB
cg12177001,SnB
cg23709172,SnB
cg14334310,SnB
cg04875128,SnB
cg21296230,SnB
cg02071305,SnB
cg03361973,SnB
cg16717122,SnB
cg04858164,SnB
cg25005357,SnB
cg08454546,SnB
cg21801378,SnB
cg15188939,SnB
cg20540209,SnB
cg05542681,SnB
cg08949164,SnB
cg09183146,SnB
cg00454305,SnB
cg02871659,SnB
cg00991848,SnB
cg02331561,SnB
cg26974444,SnB
cg06112560,SnB
cg10917602,SnB
cg09155044,SnB
cg04031656,SnB
cg03746976,SnB
cg18693704,SnB
cg00658652,SnB
cg03991512,SnB
cg22947000,SnB
cg07082267,SnB
cg03486383,SnB
cg02228185,SnB
cg23668631,SnB
cg14522800,SnB
cg25135555,SnB
cg13029847,SnB
cg06144905,SnB
cg11896923,SnB
cg06874016,SnB
cg25809905,SnB
cg04267101,SnB
cg22507023,SnB
cg02867102,SnB
cg13093111,SnB
cg13683374,SnB
cg10644544,SnB
cg03643998,SnB
cg11620135,SnB
cg25436157,SnB
cg24217948,SnB
cg17589341,SnB
cg17243289,SnB
cg12459502,SnB
cg19283806,SnB
cg10052840,SnB
cg26005082,SnB
cg11766468,SnB
cg10586358,SnB
cg14556683,SnB
cg26842024,SnB
cg18335931,SnB
cg17861230,SnB
cg10498798,SnB
cg27212234,SnB
cg17110586,SnB
cg21944491,SnB
cg21940708,SnB
cg15811427,SnB
cg06458239,SnB
cg10729426,SnB
cg21911021,SnB
cg24834740,SnB
cg19702785,SnB
cg07547549,SnB
cg12303084,SnB
cg27544190,SnB
cg01262913,SnB
cg17274064,SnB
cg09428349,SnB
cg10636297,SnB
cg12373771,SnB
cg05442902,SnB
cg16612562,SnB
cg19015086,SnB
cg21205978,SnB
cg01949403,SnB
cg08415592,SnB
cg19853760,SnB
cg23124451,SnB
cg25459323,SnB
cg27187881,SnB
cg00343092,SnB
cg00347775,SnB
cg27131176,SnB
cg22982767,SnB
cg07016730,SnB
cg01892695,SnB
cg24611351,Zhang
cg24173182,Zhang
cg09604333,Zhang
cg13617776,Zhang
cg09432590,Zhang
cg05516505,Zhang
cg12757684,Zhang
cg23606718,Zhang
cg20050761,Zhang
cg22452230,Zhang
cg05898618,Zhang
cg01620164,Zhang
cg06758350,Zhang
cg23615741,Zhang
cg09692396,Zhang
cg02046143,Zhang
cg08540945,Zhang
cg11714320,Zhang
cg22708738,Zhang
cg21567504,Zhang
cg08313880,Zhang
cg03527802,Zhang
cg23995914,Zhang
cg04027548,Zhang
cg07077459,Zhang
cg03025830,Zhang
cg07978099,Zhang
cg24349631,Zhang
cg04218760,Zhang
cg24788483,Zhang
cg11051055,Zhang
cg16419235,Zhang
cg07584066,Zhang
cg01054110,Zhang
cg02001279,Zhang
cg00271522,Zhang
cg01055824,Zhang
cg23510258,Zhang
cg07248223,Zhang
cg17163168,Zhang
cg18468088,Zhang
cg03771840,Zhang
cg27619353,Zhang
cg12477880,Zhang
cg23889772,Zhang
cg14224203,Zhang
cg04875128,Zhang
cg23159704,Zhang
cg02355868,Zhang
cg14911690,Zhang
cg23552977,Zhang
cg21186299,Zhang
cg15220605,Zhang
cg19283806,Zhang
cg21251970,Zhang
cg01256539,Zhang
cg15277914,Zhang
cg05542681,Zhang
cg22378065,Zhang
cg00910503,Zhang
cg05960039,Zhang
cg23744638,Zhang
cg26685941,Zhang
cg04861640,Zhang
cg06784991,Zhang
cg24862131,Zhang
cg26147845,Zhang
cg22185977,Zhang
cg07955995,Zhang
cg13917614,Zhang
cg14010720,Zhang
cg10804656,Zhang
cg27432653,Zhang
cg11832534,Zhang
cg16867657,Zhang
cg21159778,Zhang
cg22282410,Zhang
cg14757228,Zhang
cg14746276,Zhang
cg01873886,Zhang
cg24745327,Zhang
cg09935271,Zhang
cg11006267,Zhang
cg22352234,Zhang
cg22454769,Zhang
cg15648389,Zhang
cg27455578,Zhang
cg17782713,Zhang
cg08276993,Zhang
cg04646282,Zhang
cg07536102,Zhang
cg00302979,Zhang
cg03032497,Zhang
cg10658666,Zhang
cg05546763,Zhang
cg14098795,Zhang
cg04621728,Zhang
cg12939283,Zhang
cg13824500,Zhang
cg02497428,Zhang
cg22358580,Zhang
cg06574422,Zhang
cg00797278,Zhang
cg23008153,Zhang
cg11271171,Zhang
cg15900052,Zhang
cg12948621,Zhang
cg02272599,Zhang
cg23510764,Zhang
cg14847502,Zhang
cg26614073,Zhang
cg04084157,Zhang
cg01511232,Zhang
cg10495047,Zhang
cg24550456,Zhang
cg24169822,Zhang
cg22016779,Zhang
cg23712970,Zhang
cg03619256,Zhang
cg13409704,Zhang
cg03646329,Zhang
cg16608498,Zhang
cg01196788,Zhang
cg17243289,Zhang
cg18343474,Zhang
cg18310639,Zhang
cg16584662,Zhang
cg03633574,Zhang
cg19789753,Zhang
cg24883498,Zhang
cg04836038,Zhang
cg20761322,Zhang
cg19596273,Zhang
cg16618104,Zhang
cg12419932,Zhang
cg17254383,Zhang
cg27447740,Zhang
cg00756943,Zhang
cg10905180,Zhang
cg06805925,Zhang
cg05324516,Zhang
cg01364769,Zhang
cg20052760,Zhang
cg08761208,Zhang
cg08573679,Zhang
cg07172885,Zhang
cg23808301,Zhang
cg23357854,Zhang
cg04662594,Zhang
cg24620508,Zhang
cg22296808,Zhang
cg12424329,Zhang
cg05262777,Zhang
cg22809047,Zhang
cg08908643,Zhang
cg12788037,Zhang
cg11067179,Zhang
cg14314729,Zhang
cg11718162,Zhang
cg25415508,Zhang
cg07502389,Zhang
cg25450819,Zhang
cg14359680,Zhang
cg13278496,Zhang
cg24987259,Zhang
cg15110296,Zhang
cg23361092,Zhang
cg25149218,Zhang
cg18450254,Zhang
cg13937040,Zhang
cg15339075,Zhang
cg26116103,Zhang
cg14753631,Zhang
cg15936446,Zhang
cg12649038,Zhang
cg03163545,Zhang
cg07207669,Zhang
cg25305703,Zhang
cg22682373,Zhang
cg07717903,Zhang
cg06326667,Zhang
cg10619342,Zhang
cg25618424,Zhang
cg03638795,Zhang
cg07319199,Zhang
cg14776578,Zhang
cg20322193,Zhang
cg23460961,Zhang
cg21867345,Zhang
cg24090911,Zhang
cg09624858,Zhang
cg13663218,Zhang
cg06819923,Zhang
cg19663246,Zhang
cg14209784,Zhang
cg23836737,Zhang
cg22793142,Zhang
cg26725786,Zhang
cg03467555,Zhang
cg08397927,Zhang
cg03788004,Zhang
cg13491731,Zhang
cg01542719,Zhang
cg19343530,Zhang
cg01792616,Zhang
cg22156456,Zhang
cg10036013,Zhang
cg18064714,Zhang
cg12068124,Zhang
cg24696028,Zhang
cg12934320,Zhang
cg22197050,Zhang
cg22517995,Zhang
cg03261929,Zhang
cg07825606,Zhang
cg27021512,Zhang
cg00463859,Zhang
cg13029847,Zhang
cg18125510,Zhang
cg05915866,Zhang
cg03773862,Zhang
cg16717122,Zhang
cg15603896,Zhang
cg19505546,Zhang
cg20149168,Zhang
cg04105923,Zhang
cg18335931,Zhang
cg11653233,Zhang
cg07211259,Zhang
cg25386151,Zhang
cg20492951,Zhang
cg15338967,Zhang
cg01433297,Zhang
cg15845821,Zhang
cg08329113,Zhang
cg07374224,Zhang
cg01222316,Zhang
cg06068163,Zhang
cg06526721,Zhang
cg21072934,Zhang
cg10772169,Zhang
cg06493994,Zhang
cg23078123,Zhang
cg00717297,Zhang
cg26668490,Zhang
cg25410668,Zhang
cg01844642,Zhang
cg10106965,Zhang
cg27168858,Zhang
cg08038054,Zhang
cg21184711,Zhang
cg01176329,Zhang
cg02151816,Zhang
cg02533423,Zhang
cg07320140,Zhang
cg13033858,Zhang
cg12968224,Zhang
cg05294577,Zhang
cg07082267,Zhang
cg18875012,Zhang
cg21631428,Zhang
cg01528542,Zhang
cg24845578,Zhang
cg00793186,Zhang
cg06648759,Zhang
cg20665157,Zhang
cg15059474,Zhang
cg07571951,Zhang
cg09524078,Zhang
cg24350475,Zhang
cg06457011,Zhang
cg23538901,Zhang
cg05308819,Zhang
cg26483332,Zhang
cg18240463,Zhang
cg03915012,Zhang
cg01820962,Zhang
cg01794929,Zhang
cg02452500,Zhang
cg14162417,Zhang
cg20988565,Zhang
cg27338353,Zhang
cg23900712,Zhang
cg09383860,Zhang
cg12899747,Zhang
cg01226614,Zhang
cg06852243,Zhang
cg00753885,Zhang
cg04092800,Zhang
cg27059819,Zhang
cg06685111,Zhang
cg08963419,Zhang
cg06083669,Zhang
cg13388466,Zhang
cg00925087,Zhang
cg15393490,Zhang
cg07810190,Zhang
cg04604946,Zhang
cg10052840,Zhang
cg21563471,Zhang
cg00805193,Zhang
cg23174607,Zhang
cg12258344,Zhang
cg01141812,Zhang
cg20324262,Zhang
cg05310309,Zhang
cg12506930,Zhang
cg02426324,Zhang
cg02181968,Zhang
cg25309888,Zhang
cg16477091,Zhang
cg27430293,Zhang
cg09652142,Zhang
cg04709900,Zhang
cg20960181,Zhang
cg07547549,Zhang
cg06836406,Zhang
cg25178749,Zhang
cg06335143,Zhang
cg07850154,Zhang
cg08468401,Zhang
cg01738984,Zhang
cg08822715,Zhang
cg07073120,Zhang
cg03607117,Zhang
cg15553770,Zhang
cg21515349,Zhang
cg07101980,Zhang
cg11830800,Zhang
cg23858532,Zhang
cg09809672,Zhang
cg24150153,Zhang
cg07095347,Zhang
cg22881141,Zhang
cg01055871,Zhang
cg00548098,Zhang
cg24091819,Zhang
cg22112832,Zhang
cg01356950,Zhang
cg21949781,Zhang
cg08151809,Zhang
cg00241664,Zhang
cg03984502,Zhang
cg04955333,Zhang
cg03232933,Zhang
cg05694095,Zhang
cg24711649,Zhang
cg18917643,Zhang
cg09748749,Zhang
cg13612317,Zhang
cg17110586,Zhang
cg20756600,Zhang
cg18537454,Zhang
cg19583819,Zhang
cg20525917,Zhang
cg19722847,Zhang
cg21860825,Zhang
cg10917602,Zhang
cg11084334,Zhang
cg00850073,Zhang
cg27508620,Zhang
cg06007201,Zhang
cg11491284,Zhang
cg17472796,Zhang
cg27597505,Zhang
cg26765385,Zhang
cg05612876,Zhang
cg20964423,Zhang
cg18933331,Zhang
cg11807280,Zhang
cg04596060,Zhang
cg17953385,Zhang
cg23097079,Zhang
cg04200607,Zhang
cg14074174,Zhang
cg06532163,Zhang
cg27386529,Zhang
cg23373640,Zhang
cg15089077,Zhang
cg23753748,Zhang
cg11858226,Zhang
cg02795076,Zhang
cg20822990,Zhang
cg11789321,Zhang
cg22864500,Zhang
cg08429256,Zhang
cg26833936,Zhang
cg10203610,Zhang
cg10453071,Zhang
cg03421353,Zhang
cg13149736,Zhang
cg02204637,Zhang
cg04684267,Zhang
cg04055490,Zhang
cg07040244,Zhang
cg26925981,Zhang
cg25148589,Zhang
cg17621438,Zhang
cg19031565,Zhang
cg03076094,Zhang
cg00593462,Zhang
cg11220950,Zhang
cg05106770,Zhang
cg12379720,Zhang
cg24403644,Zhang
cg01136606,Zhang
cg09118625,Zhang
cg03039990,Zhang
cg05780020,Zhang
cg19034084,Zhang
cg05522498,Zhang
cg19761273,Zhang
cg26921969,Zhang
cg01832549,Zhang
cg09143195,Zhang
cg02838492,Zhang
cg20592391,Zhang
cg09315264,Zhang
cg01331772,Zhang
cg27367526,Zhang
cg09164913,Zhang
cg11136562,Zhang
cg04999352,Zhang
cg02762363,Zhang
cg04149978,Zhang
cg05923226,Zhang
cg21116457,Zhang
cg00772585,Zhang
cg25838150,Zhang
cg18448426,Zhang
cg02836046,Zhang
cg12578166,Zhang
cg26105310,Zhang
cg21144928,Zhang
cg18281842,Zhang
cg15673540,Zhang
cg21809447,Zhang
cg04144218,Zhang
cg06672696,Zhang
cg18457597,Zhang
cg12138483,Zhang
cg15903032,Zhang
cg17616646,Zhang
cg22971191,Zhang
cg07850604,Zhang
cg10647101,Zhang
cg22073802,Zhang
cg04361926,Zhang
cg17168836,Zhang
cg01435493,Zhang
cg03957108,Zhang
cg17607231,Zhang
cg13575542,Zhang
cg07080372,Zhang
cg02871659,Zhang
cg12134570,Zhang
cg21874213,Zhang
cg24891133,Zhang
cg04757168,Zhang
cg17338821,Zhang
cg03234186,Zhang
cg23718736,Zhang
cg23500537,Zhang
cg17769442,Zhang
cg26158023,Zhang
cg09255514,Zhang
cg06396324,Zhang
cg13615100,Zhang
cg17183905,Zhang
cg04521765,Zhang
cg00481951,Zhang
cg06639320,Zhang
cg08357125,Zhang
cg05998295,Zhang
cg22580512,Zhang
cg25478614,Zhang
cg16032108,Zhang
cg01447660,Zhang
cg02018902,Zhang
cg00740914,Zhang
cg01031400,Zhang
cg12490835,Zhang
cg08234504,Zhang
cg20420249,Zhang
cg04081402,Zhang
cg14699004,Zhang
cg22162281,Zhang
cg15519474,Zhang
cg12350474,Zhang
cg08657705,Zhang
cg02025827,Zhang
cg08097417,Zhang
cg26469387,Zhang
cg00096065,Zhang
cg12145907,Zhang
cg04436528,Zhang
cg27640528,Zhang
cg06547285,Zhang
cg21899500,Zhang
cg23829395,Zhang
cg01757168,Zhang
cg14748856,Zhang
cg19166302,Zhang
cg13674411,Zhang
cg02037503,Zhang
cg13567282,Zhang
cg10625705,Zhang
cg09929187,Zhang
cg13593287,Zhang
cg04749507,Zhang
cg21674704,Zhang
cg25909396,Zhang
cg12402251,Zhang
cg20515136,Zhang
cg01580888,DeepMAge
cg21801378,DeepMAge
cg00343092,DeepMAge
cg26394940,DeepMAge
cg12024906,DeepMAge
cg22736354,DeepMAge
cg18815943,DeepMAge
cg13269407,DeepMAge
cg06493994,DeepMAge
cg10523019,DeepMAge
cg27491887,DeepMAge
cg17861230,DeepMAge
cg04836038,DeepMAge
cg09809672,DeepMAge
cg02479575,DeepMAge
cg21296230,DeepMAge
cg19722847,DeepMAge
cg27320127,DeepMAge
cg05675373,DeepMAge
cg18008766,DeepMAge
cg24127874,DeepMAge
cg13663218,DeepMAge
cg19560758,DeepMAge
cg11126134,DeepMAge
cg22407458,DeepMAge
cg18691434,DeepMAge
cg19761273,DeepMAge
cg24891133,DeepMAge
cg04528819,DeepMAge
cg17285325,DeepMAge
cg15319457,DeepMAge
cg11668844,DeepMAge
cg07850604,DeepMAge
cg27015931,DeepMAge
cg19046959,DeepMAge
cg08668790,DeepMAge
cg01511567,DeepMAge
cg00503840,DeepMAge
cg20143092,DeepMAge
cg12373771,DeepMAge
cg15957394,DeepMAge
cg18902090,DeepMAge
cg15013019,DeepMAge
cg03623878,DeepMAge
cg18267374,DeepMAge
cg02397514,DeepMAge
cg15804973,DeepMAge
cg16744741,DeepMAge
cg25148589,DeepMAge
cg18055007,DeepMAge
cg00059225,DeepMAge
cg24081819,DeepMAge
cg27544190,DeepMAge
cg18236477,DeepMAge
cg06291867,DeepMAge
cg07211259,DeepMAge
cg13494498,DeepMAge
cg10189695,DeepMAge
cg12422450,DeepMAge
cg24170090,DeepMAge
cg08209133,DeepMAge
cg18182399,DeepMAge
cg07388493,DeepMAge
cg17729667,DeepMAge
cg26372517,DeepMAge
cg19885761,DeepMAge
cg26842024,DeepMAge
cg23303074,DeepMAge
cg24826867,DeepMAge
cg10362475,DeepMAge
cg11299964,DeepMAge
cg22947000,DeepMAge
cg06268694,DeepMAge
cg16785344,DeepMAge
cg19724470,DeepMAge
cg07158339,DeepMAge
cg26614073,DeepMAge
cg26845300,DeepMAge
cg05822532,DeepMAge
cg21790626,DeepMAge
cg18660898,DeepMAge
cg02310296,DeepMAge
cg21368354,DeepMAge
cg16313343,DeepMAge
cg16273597,DeepMAge
cg04123409,DeepMAge
cg08090640,DeepMAge
cg18440048,DeepMAge
cg20300246,DeepMAge
cg20761322,DeepMAge
cg00462994,DeepMAge
cg11377136,DeepMAge
cg25809905,DeepMAge
cg25564800,DeepMAge
cg05436231,DeepMAge
cg00987379,DeepMAge
cg01820374,DeepMAge
cg12238343,DeepMAge
cg13975369,DeepMAge
cg23887396,DeepMAge
cg04662594,DeepMAge
cg03330058,DeepMAge
cg00930873,DeepMAge
cg08468689,DeepMAge
cg06836772,DeepMAge
cg08694544,DeepMAge
cg13931228,DeepMAge
cg01530101,DeepMAge
cg03975694,DeepMAge
cg08317263,DeepMAge
cg12339802,DeepMAge
cg12946225,DeepMAge
cg04431054,DeepMAge
cg05135156,DeepMAge
cg14918082,DeepMAge
cg08965235,DeepMAge
cg10947146,DeepMAge
cg13460409,DeepMAge
cg06156376,DeepMAge
cg01899253,DeepMAge
cg08695830,DeepMAge
cg04872689,DeepMAge
cg10734665,DeepMAge
cg15361590,DeepMAge
cg15201877,DeepMAge
cg18992688,DeepMAge
cg17051321,DeepMAge
cg03664992,DeepMAge
cg00565688,DeepMAge
cg04425624,DeepMAge
cg21256649,DeepMAge
cg03734874,DeepMAge
cg02844545,DeepMAge
cg20125091,DeepMAge
cg16516400,DeepMAge
cg07408456,DeepMAge
cg12145907,DeepMAge
cg14754581,DeepMAge
cg06263495,DeepMAge
cg12402251,DeepMAge
cg09643544,DeepMAge
cg26005082,DeepMAge
cg16731240,DeepMAge
cg25763788,DeepMAge
cg14166009,DeepMAge
cg02151301,DeepMAge
cg26610808,DeepMAge
cg10316635,DeepMAge
cg22171829,DeepMAge
cg17199483,DeepMAge
cg13921352,DeepMAge
cg21870884,DeepMAge
cg13302154,DeepMAge
cg07895149,DeepMAge
cg07715201,DeepMAge
cg01295203,DeepMAge
cg16670497,DeepMAge
cg16786458,DeepMAge
cg13129046,DeepMAge
cg23290344,DeepMAge
cg04474832,DeepMAge
cg22392276,DeepMAge
cg15379633,DeepMAge
cg19211800,DeepMAge
cg20692569,DeepMAge
cg22919728,DeepMAge
cg26369667,DeepMAge
cg27210390,DeepMAge
cg09381003,DeepMAge
cg02164046,DeepMAge
cg25229172,DeepMAge
cg13836627,DeepMAge
cg12620499,DeepMAge
cg13573276,DeepMAge
cg17940013,DeepMAge
cg24199834,DeepMAge
cg04270799,DeepMAge
cg08888956,DeepMAge
cg23710218,DeepMAge
cg11896923,DeepMAge
cg02154074,DeepMAge
cg21448423,DeepMAge
cg09949775,DeepMAge
cg02840794,DeepMAge
cg21581873,DeepMAge
cg17410236,DeepMAge
cg25332298,DeepMAge
cg00194146,DeepMAge
cg26599006,DeepMAge
cg27316956,DeepMAge
cg05266781,DeepMAge
cg19357849,DeepMAge
cg24871743,DeepMAge
cg23178308,DeepMAge
cg21700166,DeepMAge
cg16168311,DeepMAge
cg17133388,DeepMAge
cg25499099,DeepMAge
cg18693704,DeepMAge
cg06458239,DeepMAge
cg06738602,DeepMAge
cg01777397,DeepMAge
cg03688818,DeepMAge
cg06204948,DeepMAge
cg25985778,DeepMAge
cg02228185,DeepMAge
cg16363586,DeepMAge
cg26151675,DeepMAge
cg23967169,DeepMAge
cg24921089,DeepMAge
cg07313155,DeepMAge
cg08186362,DeepMAge
cg09626984,DeepMAge
cg25141674,DeepMAge
cg16933388,DeepMAge
cg02096633,DeepMAge
cg23843812,DeepMAge
cg17832674,DeepMAge
cg20295671,DeepMAge
cg19423311,DeepMAge
cg23124451,DeepMAge
cg24989962,DeepMAge
cg22809047,DeepMAge
cg04586023,DeepMAge
cg10741760,DeepMAge
cg11065385,DeepMAge
cg03996822,DeepMAge
cg22730004,DeepMAge
cg03336167,DeepMAge
cg07703401,DeepMAge
cg17339202,DeepMAge
cg17497271,DeepMAge
cg01405761,DeepMAge
cg08900043,DeepMAge
cg08529529,DeepMAge
cg17471102,DeepMAge
cg22892904,DeepMAge
cg24968336,DeepMAge
cg00236832,DeepMAge
cg15898840,DeepMAge
cg24471894,DeepMAge
cg03991512,DeepMAge
cg22285621,DeepMAge
cg23843505,DeepMAge
cg11378686,DeepMAge
cg19515518,DeepMAge
cg23211240,DeepMAge
cg23189044,DeepMAge
cg09118625,DeepMAge
cg04765422,DeepMAge
cg26911787,DeepMAge
cg11536940,DeepMAge
cg25822709,DeepMAge
cg14456683,DeepMAge
cg15297650,DeepMAge
cg23587449,DeepMAge
cg05881135,DeepMAge
cg01283289,DeepMAge
cg10549973,DeepMAge
cg25256723,DeepMAge
cg03929796,DeepMAge
cg13854874,DeepMAge
cg14332079,DeepMAge
cg01946401,DeepMAge
cg01294695,DeepMAge
cg07123069,DeepMAge
cg18573383,DeepMAge
cg01400401,DeepMAge
cg00047050,DeepMAge
cg23506842,DeepMAge
cg23828595,DeepMAge
cg14592406,DeepMAge
cg10822172,DeepMAge
cg05064673,DeepMAge
cg09554443,DeepMAge
cg05369142,DeepMAge
cg17274064,DeepMAge
cg23517605,DeepMAge
cg21992250,DeepMAge
cg20974196,DeepMAge
cg11120551,DeepMAge
cg11919694,DeepMAge
cg14319409,DeepMAge
cg16620032,DeepMAge
cg19789466,DeepMAge
cg25459323,DeepMAge
cg19356189,DeepMAge
cg03544320,DeepMAge
cg02364642,DeepMAge
cg18755783,DeepMAge
cg03030757,DeepMAge
cg09462576,DeepMAge
cg05379350,DeepMAge
cg05158615,DeepMAge
cg24860534,DeepMAge
cg16682903,DeepMAge
cg02489552,DeepMAge
cg22527345,DeepMAge
cg20008332,DeepMAge
cg05442902,DeepMAge
cg21697134,DeepMAge
cg04601137,DeepMAge
cg24169822,DeepMAge
cg27360098,DeepMAge
cg01968178,DeepMAge
cg02217159,DeepMAge
cg13697378,DeepMAge
cg25044651,DeepMAge
cg16319578,DeepMAge
cg09067967,DeepMAge
cg12688670,DeepMAge
cg03891319,DeepMAge
cg18919097,DeepMAge
cg09736162,DeepMAge
cg14261309,DeepMAge
cg26500816,DeepMAge
cg25538571,DeepMAge
cg09915099,DeepMAge
cg23428445,DeepMAge
cg16614500,DeepMAge
cg19235307,DeepMAge
cg08876932,DeepMAge
cg10235817,DeepMAge
cg01459453,DeepMAge
cg19055231,DeepMAge
cg24851490,DeepMAge
cg15839448,DeepMAge
cg00489401,DeepMAge
cg04062391,DeepMAge
cg22396353,DeepMAge
cg15743985,DeepMAge
cg23854009,DeepMAge
cg19008809,DeepMAge
cg23668631,DeepMAge
cg27153400,DeepMAge
cg11946503,DeepMAge
cg00081975,DeepMAge
cg14175438,DeepMAge
cg17688525,DeepMAge
cg27553955,DeepMAge
cg05767404,DeepMAge
cg27016307,DeepMAge
cg12782180,DeepMAge
cg16465939,DeepMAge
cg03224418,DeepMAge
cg26963271,DeepMAge
cg01407797,DeepMAge
cg08822227,DeepMAge
cg06320982,DeepMAge
cg05535113,DeepMAge
cg21096915,DeepMAge
cg03909500,DeepMAge
cg06147863,DeepMAge
cg20240860,DeepMAge
cg03943081,DeepMAge
cg01154193,DeepMAge
cg06361108,DeepMAge
cg24012925,DeepMAge
cg17791651,DeepMAge
cg20979799,DeepMAge
cg12365667,DeepMAge
cg17031727,DeepMAge
cg18059933,DeepMAge
cg25947945,DeepMAge
cg25766046,DeepMAge
cg09427311,DeepMAge
cg26304237,DeepMAge
cg22747092,DeepMAge
cg19713196,DeepMAge
cg19402885,DeepMAge
cg19310430,DeepMAge
cg24653181,DeepMAge
cg19945840,DeepMAge
cg21870662,DeepMAge
cg15903421,DeepMAge
cg04289385,DeepMAge
cg12870705,DeepMAge
cg04329454,DeepMAge
cg20158248,DeepMAge
cg10319505,DeepMAge
cg12078929,DeepMAge
cg15377518,DeepMAge
cg07099407,DeepMAge
cg08570521,DeepMAge
cg12261786,DeepMAge
cg02789485,DeepMAge
cg19759064,DeepMAge
cg24384676,DeepMAge
cg02564523,DeepMAge
cg06810647,DeepMAge
cg17207590,DeepMAge
cg09072120,DeepMAge
cg10927536,DeepMAge
cg20264732,DeepMAge
cg25282410,DeepMAge
cg14859417,DeepMAge
cg12774845,DeepMAge
cg12741420,DeepMAge
cg04424621,DeepMAge
cg17878972,DeepMAge
cg21530890,DeepMAge
cg25166896,DeepMAge
cg16543027,DeepMAge
cg21057046,DeepMAge
cg09816471,DeepMAge
cg10193817,DeepMAge
cg25802093,DeepMAge
cg01519742,DeepMAge
cg12941369,DeepMAge
cg25511429,DeepMAge
cg09660171,DeepMAge
cg22705225,DeepMAge
cg15415507,DeepMAge
cg03641225,DeepMAge
cg14386691,DeepMAge
cg08896945,DeepMAge
cg25983380,DeepMAge
cg22115808,DeepMAge
cg18678185,DeepMAge
cg11438428,DeepMAge
cg27389185,DeepMAge
cg00308665,DeepMAge
cg10150813,DeepMAge
cg06433658,DeepMAge
cg12758687,DeepMAge
cg09262269,DeepMAge
cg13885201,DeepMAge
cg18787975,DeepMAge
cg20973210,DeepMAge
cg06971096,DeepMAge
cg15563382,DeepMAge
cg10281002,DeepMAge
cg15982419,DeepMAge
cg15928398,DeepMAge
cg17992056,DeepMAge
cg11981599,DeepMAge
cg00168942,DeepMAge
cg25375711,DeepMAge
cg12532500,DeepMAge
cg10044101,DeepMAge
cg00201234,DeepMAge
cg07139440,DeepMAge
cg22909609,DeepMAge
cg20449692,DeepMAge
cg15473868,DeepMAge
cg02197293,DeepMAge
cg22449114,DeepMAge
cg05228408,DeepMAge
cg16924616,DeepMAge
cg12259537,DeepMAge
cg26297688,DeepMAge
cg25736482,DeepMAge
cg00911351,DeepMAge
cg05010623,DeepMAge
cg11808757,DeepMAge
cg05570980,DeepMAge
cg00426498,DeepMAge
cg05890019,DeepMAge
cg14967066,DeepMAge
cg18074297,DeepMAge
cg19395441,DeepMAge
cg03565323,DeepMAge
cg17453778,DeepMAge
cg24231716,DeepMAge
cg05473871,DeepMAge
cg22187630,DeepMAge
cg05250458,DeepMAge
cg07935568,DeepMAge
cg02620013,DeepMAge
cg21016177,DeepMAge
cg03848555,DeepMAge
cg18016365,DeepMAge
cg21908259,DeepMAge
cg24739326,DeepMAge
cg18303397,DeepMAge
cg10756887,DeepMAge
cg17838026,DeepMAge
cg13666340,DeepMAge
cg10722799,DeepMAge
cg01200177,DeepMAge
cg03852144,DeepMAge
cg18511007,DeepMAge
cg00202702,DeepMAge
cg26824091,DeepMAge
cg02848777,DeepMAge
cg25054311,DeepMAge
cg08022502,DeepMAge
cg02085507,DeepMAge
cg10682057,DeepMAge
cg10084993,DeepMAge
cg20994801,DeepMAge
cg15156836,DeepMAge
cg06269753,DeepMAge
cg22680204,DeepMAge
cg26036443,DeepMAge
cg02828104,DeepMAge
cg16270890,DeepMAge
cg17324128,DeepMAge
cg08303146,DeepMAge
cg07195577,DeepMAge
cg25713185,DeepMAge
cg14826456,DeepMAge
cg27169020,DeepMAge
cg07430605,DeepMAge
cg09492887,DeepMAge
cg05010058,DeepMAge
cg10226744,DeepMAge
cg02206259,DeepMAge
cg17471928,DeepMAge
cg20637307,DeepMAge
cg15037004,DeepMAge
cg23833896,DeepMAge
cg10865119,DeepMAge
cg14865868,DeepMAge
cg10281478,DeepMAge
cg25942450,DeepMAge
cg22613010,DeepMAge
cg22901840,DeepMAge
cg20001829,DeepMAge
cg25604883,DeepMAge
cg12513481,DeepMAge
cg13899108,DeepMAge
cg05871136,DeepMAge
cg05483509,DeepMAge
cg16254309,DeepMAge
cg27281093,DeepMAge
cg12556134,DeepMAge
cg20900524,DeepMAge
cg11584690,DeepMAge
cg03600687,DeepMAge
cg19283196,DeepMAge
cg03883519,DeepMAge
cg19594666,DeepMAge
cg10515956,DeepMAge
cg16362133,DeepMAge
cg07737781,DeepMAge
cg11314684,DeepMAge
cg14377791,DeepMAge
cg19355190,DeepMAge
cg11747499,DeepMAge
cg13500819,DeepMAge
cg06824727,DeepMAge
cg00563926,DeepMAge
cg08655844,DeepMAge
cg07903918,DeepMAge
cg04460372,DeepMAge
cg16483916,DeepMAge
cg11279021,DeepMAge
cg11189837,DeepMAge
cg27601516,DeepMAge
cg24056567,DeepMAge
cg20279283,DeepMAge
cg16063112,DeepMAge
cg24986868,DeepMAge
cg00431114,DeepMAge
cg00563932,DeepMAge
cg19706682,DeepMAge
cg15747595,DeepMAge
cg16352283,DeepMAge
cg26131019,DeepMAge
cg06638433,DeepMAge
cg00689340,DeepMAge
cg27187881,DeepMAge
cg11879514,DeepMAge
cg13593287,DeepMAge
cg06948294,DeepMAge
cg03565081,DeepMAge
cg06161930,DeepMAge
cg11010122,DeepMAge
cg24512400,DeepMAge
cg16776350,DeepMAge
cg23265096,DeepMAge
cg00548268,DeepMAge
cg12052765,DeepMAge
cg25302419,DeepMAge
cg18765542,DeepMAge
cg21289015,DeepMAge
cg20043466,DeepMAge
cg02071305,DeepMAge
cg01805282,DeepMAge
cg07442479,DeepMAge
cg17431739,DeepMAge
cg24642523,DeepMAge
cg10240853,DeepMAge
cg09595479,DeepMAge
cg23320649,DeepMAge
cg08996521,DeepMAge
cg15776355,DeepMAge
cg20654468,DeepMAge
cg09429111,DeepMAge
cg23850212,DeepMAge
cg16240480,DeepMAge
cg07185695,DeepMAge
cg12073594,DeepMAge
cg15201635,DeepMAge
cg23762517,DeepMAge
cg15352829,DeepMAge
cg20346726,DeepMAge
cg11738543,DeepMAge
cg00208967,DeepMAge
cg03782453,DeepMAge
cg19713460,DeepMAge
cg05600717,DeepMAge
cg04786857,DeepMAge
cg02335441,DeepMAge
cg16127845,DeepMAge
cg22631938,DeepMAge
cg21426387,DeepMAge
cg22472290,DeepMAge
cg09340639,DeepMAge
cg08587864,DeepMAge
cg19168338,DeepMAge
cg25725843,DeepMAge
cg20616414,DeepMAge
cg06675478,DeepMAge
cg20209009,DeepMAge
cg04598121,DeepMAge
cg00564163,DeepMAge
cg20496643,DeepMAge
cg01027739,DeepMAge
cg02503850,DeepMAge
cg12902039,DeepMAge
cg06238491,DeepMAge
cg24587268,DeepMAge
cg04880063,DeepMAge
cg26711820,DeepMAge
cg25655096,DeepMAge
cg09601629,DeepMAge
cg19233923,DeepMAge
cg25629694,DeepMAge
cg01654582,DeepMAge
cg00340102,DeepMAge
cg03826976,DeepMAge
cg14870271,DeepMAge
cg02654291,DeepMAge
cg04036898,DeepMAge
cg14992253,DeepMAge
cg12613383,DeepMAge
cg10917602,DeepMAge
cg07652213,DeepMAge
cg21820677,DeepMAge
cg14681055,DeepMAge
cg19635712,DeepMAge
cg13726191,DeepMAge
cg05164634,DeepMAge
cg19155599,DeepMAge
cg01269795,DeepMAge
cg19764555,DeepMAge
cg22236626,DeepMAge
cg11260848,DeepMAge
cg07621046,DeepMAge
cg22719623,DeepMAge
cg09083627,DeepMAge
cg11833861,DeepMAge
cg01580044,DeepMAge
cg05546044,DeepMAge
cg13745346,DeepMAge
cg20831708,DeepMAge
cg08555657,DeepMAge
cg19573166,DeepMAge
cg09325711,DeepMAge
cg23239396,DeepMAge
cg14155397,DeepMAge
cg17029151,DeepMAge
cg13620770,DeepMAge
cg15974053,DeepMAge
cg01161216,DeepMAge
cg08849574,DeepMAge
cg00152644,DeepMAge
cg17966619,DeepMAge
cg26780333,DeepMAge
cg20419410,DeepMAge
cg20227766,DeepMAge
cg24127989,DeepMAge
cg23752923,DeepMAge
cg15456206,DeepMAge
cg24727203,DeepMAge
cg04739570,DeepMAge
cg05056120,DeepMAge
cg17692403,DeepMAge
cg17914753,DeepMAge
cg27493997,DeepMAge
cg02988947,DeepMAge
cg02016419,DeepMAge
cg10362591,DeepMAge
cg22521310,DeepMAge
cg06051311,DeepMAge
cg02515725,DeepMAge
cg22321558,DeepMAge
cg07588779,DeepMAge
cg09563216,DeepMAge
cg06144905,DeepMAge
cg09706243,DeepMAge
cg01919208,DeepMAge
cg11428724,DeepMAge
cg12928668,DeepMAge
cg00090147,DeepMAge
cg00630583,DeepMAge
cg14958635,DeepMAge
cg26083396,DeepMAge
cg20080624,DeepMAge
cg08370996,DeepMAge
cg23430664,DeepMAge
cg19889780,DeepMAge
cg24200059,DeepMAge
cg14100184,DeepMAge
cg13047892,DeepMAge
cg04457979,DeepMAge
cg14056644,DeepMAge
cg19669036,DeepMAge
cg04597449,DeepMAge
cg07979752,DeepMAge
cg00685836,DeepMAge
cg09079275,DeepMAge
cg04726200,DeepMAge
cg26673195,DeepMAge
cg12069309,DeepMAge
cg23283875,DeepMAge
cg02994956,DeepMAge
cg21480743,DeepMAge
cg11896271,DeepMAge
cg02181506,DeepMAge
cg00497251,DeepMAge
cg21808053,DeepMAge
cg15316334,DeepMAge
cg16408970,DeepMAge
cg15261665,DeepMAge
cg05373457,DeepMAge
cg25483003,DeepMAge
cg01114088,DeepMAge
cg19037167,DeepMAge
cg02255609,DeepMAge
cg11648289,DeepMAge
cg09582042,DeepMAge
cg21353232,DeepMAge
cg26018901,DeepMAge
cg21818252,DeepMAge
cg14348532,DeepMAge
cg13565157,DeepMAge
cg02764611,DeepMAge
cg05488632,DeepMAge
cg21120249,DeepMAge
cg08569678,DeepMAge
cg26624134,DeepMAge
cg13163729,DeepMAge
cg07753644,DeepMAge
cg06154570,DeepMAge
cg05294243,DeepMAge
cg22580512,DeepMAge
cg00107187,DeepMAge
cg22971191,DeepMAge
cg22436229,DeepMAge
cg01600189,DeepMAge
cg00651216,DeepMAge
cg24076884,DeepMAge
cg12955583,DeepMAge
cg03760483,DeepMAge
cg06392241,DeepMAge
cg14913925,DeepMAge
cg24429836,DeepMAge
cg23758485,DeepMAge
cg07846167,DeepMAge
cg22101147,DeepMAge
cg19728223,DeepMAge
cg07469792,DeepMAge
cg13311440,DeepMAge
cg07482936,DeepMAge
cg24646414,DeepMAge
cg26928682,DeepMAge
cg16386080,DeepMAge
cg03547797,DeepMAge
cg06630241,DeepMAge
cg08097882,DeepMAge
cg08646988,DeepMAge
cg17830308,DeepMAge
cg20028470,DeepMAge
cg15720535,DeepMAge
cg21604042,DeepMAge
cg24801210,DeepMAge
cg14973995,DeepMAge
cg02776251,DeepMAge
cg10104451,DeepMAge
cg15945417,DeepMAge
cg17589341,DeepMAge
cg06253072,DeepMAge
cg24173049,DeepMAge
cg02062650,DeepMAge
cg03138091,DeepMAge
cg07973967,DeepMAge
cg15853125,DeepMAge
cg06236061,DeepMAge
cg18555440,DeepMAge
cg00282347,DeepMAge
cg11223252,DeepMAge
cg01017147,DeepMAge
cg06117855,DeepMAge
cg24768561,DeepMAge
cg02276665,DeepMAge
cg21509097,DeepMAge
cg18972811,DeepMAge
cg00576250,DeepMAge
cg09155852,DeepMAge
cg02254649,DeepMAge
cg07495664,DeepMAge
cg24450312,DeepMAge
cg15271616,DeepMAge
cg26968812,DeepMAge
cg05786809,DeepMAge
cg11469321,DeepMAge
cg07558455,DeepMAge
cg16761581,DeepMAge
cg07314414,DeepMAge
cg03945800,DeepMAge
cg26512148,DeepMAge
cg23047271,DeepMAge
cg02774439,DeepMAge
cg06621358,DeepMAge
cg05898524,DeepMAge
cg01346152,DeepMAge
cg20557202,DeepMAge
cg17943999,DeepMAge
cg00398048,DeepMAge
cg08441806,DeepMAge
cg12600197,DeepMAge
cg00187380,DeepMAge
cg16998353,DeepMAge
cg26509022,DeepMAge
cg04466273,DeepMAge
cg14093936,DeepMAge
cg00472814,DeepMAge
cg27236973,DeepMAge
cg23786576,DeepMAge
cg12457773,DeepMAge
cg09863772,DeepMAge
cg26209676,DeepMAge
cg10194829,DeepMAge
cg21073927,DeepMAge
cg27626102,DeepMAge
cg21402071,DeepMAge
cg17165284,DeepMAge
cg16332577,DeepMAge
cg14540297,DeepMAge
cg17421623,DeepMAge
cg21974766,DeepMAge
cg02196655,DeepMAge
cg26202340,DeepMAge
cg26374101,DeepMAge
cg11480873,DeepMAge
cg07349094,DeepMAge
cg15364618,DeepMAge
cg25050026,DeepMAge
cg05724065,DeepMAge
cg10175795,DeepMAge
cg17338403,DeepMAge
cg05001145,DeepMAge
cg17169998,DeepMAge
cg13234863,DeepMAge
cg05868799,DeepMAge
cg21949781,DeepMAge
cg17252960,DeepMAge
cg13548361,DeepMAge
cg15003434,DeepMAge
cg10287137,DeepMAge
cg08724517,DeepMAge
cg27376271,DeepMAge
cg03379131,DeepMAge
cg26261431,DeepMAge
cg21547708,DeepMAge
cg11368643,DeepMAge
cg16474696,DeepMAge
cg23748737,DeepMAge
cg19464016,DeepMAge
cg23002907,DeepMAge
cg16427670,DeepMAge
cg06385087,DeepMAge
cg10648908,DeepMAge
cg18464137,DeepMAge
cg06288351,DeepMAge
cg04114315,DeepMAge
cg04032226,DeepMAge
cg23146358,DeepMAge
cg11108890,DeepMAge
cg11158729,DeepMAge
cg10080004,DeepMAge
cg10052840,DeepMAge
cg00399483,DeepMAge
cg05769161,DeepMAge
cg08572611,DeepMAge
cg26270746,DeepMAge
cg06911084,DeepMAge
cg18678763,DeepMAge
cg10989517,DeepMAge
cg16721845,DeepMAge
cg07845392,DeepMAge
cg13438834,DeepMAge
cg16284292,DeepMAge
cg04887278,DeepMAge
cg13904493,DeepMAge
cg05924583,DeepMAge
cg24125648,DeepMAge
cg01655355,DeepMAge
cg03775422,DeepMAge
cg01441777,DeepMAge
cg20723355,DeepMAge
cg01791232,DeepMAge
cg22215728,DeepMAge
cg24207176,DeepMAge
cg13262687,DeepMAge
cg12564453,DeepMAge
cg11296937,DeepMAge
cg14972143,DeepMAge
cg11041457,DeepMAge
cg24107665,DeepMAge
cg00653387,DeepMAge
cg05073035,DeepMAge
cg16404106,DeepMAge
cg16954341,DeepMAge
cg21926138,DeepMAge
cg02755525,DeepMAge
cg26093148,DeepMAge
cg03889226,DeepMAge
cg16984944,DeepMAge
cg14913610,DeepMAge
cg10893437,DeepMAge
cg13526007,DeepMAge
cg16718678,DeepMAge
cg19596204,DeepMAge
cg06885782,DeepMAge
cg05507459,DeepMAge
cg19192120,DeepMAge
cg04409945,DeepMAge
cg08654655,DeepMAge
cg21176048,DeepMAge
cg12331389,DeepMAge
cg27631256,DeepMAge
cg18081258,DeepMAge
cg07991621,DeepMAge
cg22799850,DeepMAge
cg08097755,DeepMAge
cg24874111,DeepMAge
cg08587542,DeepMAge
cg25713309,DeepMAge
cg01353448,DeepMAge
cg20506783,DeepMAge
cg04588079,DeepMAge
cg26898166,DeepMAge
cg05157725,DeepMAge
cg08197122,DeepMAge
cg00565075,DeepMAge
cg10331779,DeepMAge
cg02782630,DeepMAge
cg20083676,DeepMAge
cg12478185,DeepMAge
cg05824484,DeepMAge
cg24641352,DeepMAge
cg08162780,DeepMAge
cg02260587,DeepMAge
cg24649713,DeepMAge
cg20051033,DeepMAge
cg05697231,DeepMAge
cg21092687,DeepMAge
cg14244577,DeepMAge
cg14329157,DeepMAge
cg18809289,DeepMAge
cg13150977,DeepMAge
cg10986043,DeepMAge
cg21152671,DeepMAge
cg26984624,DeepMAge
cg24101578,DeepMAge
cg20716064,DeepMAge
cg02994974,DeepMAge
cg17655614,DeepMAge
cg22799321,DeepMAge
cg16413777,DeepMAge
cg17775235,DeepMAge
cg21972382,DeepMAge
cg10064162,DeepMAge
cg08858521,DeepMAge
cg24596472,DeepMAge
cg16774604,DeepMAge
cg10106284,DeepMAge
cg18993334,DeepMAge
cg16519321,DeepMAge
cg00582628,DeepMAge
cg05194726,DeepMAge
cg24715735,DeepMAge
cg04587910,DeepMAge
cg17241310,DeepMAge
cg14380517,DeepMAge
cg23771661,DeepMAge
cg13818573,DeepMAge
cg26581729,DeepMAge
cg10521852,DeepMAge
cg11386746,DeepMAge
cg13806135,DeepMAge
cg21053529,DeepMAge
cg00650762,DeepMAge
cg22183706,DeepMAge
cg20537629,DeepMAge
cg08331960,DeepMAge
